"productId","manufacturer","title","handle","status","referencePrice","lowest","average","highest","samples","sampledShops","totalShops"
"cmkrcg93n0000u9konharrcoh","AC Infinity","Cloudlab 722","cloudlab-722-60-60-180","ok","158.99","179","179","179","1","1","1"
"cmkrdc9v5000uu9koljjrxsim","AC Infinity","Cloudlab 632","cloudlab-632-90-60-180","ok","164.99","189","189","189","1","1","1"
"cmkrdnm4c001pu9ko3f9fkpem","AC Infinity","Cloudlab 642","cloudlab-642-120-60-180","ok","184.99","219","219","219","1","1","1"
"cmkrdwki6002eu9ko75gngqv7","AC Infinity","Cloudlab 733","cloudlab-733-90-90-180","ok","187.99","219","219","219","1","1","1"
"cmkre7bdg003cu9koxcojvb06","AC Infinity","Cloudlab 844","cloudlab-844-120-120-200","ok","258.99","269","269","269","1","1","1"
"cmkrees8b0045u9ko8syfcpor","AC Infinity","Cloudlab 866","cloudlab-866-150-150-200","ok","319.99","319","319","319","1","1","1"
"cmkreme6u0051u9koqya3sd2o","AC Infinity","Cloudlab 894","cloudlab-894-240-120-200cm","no_prices_found","398.99","","","","","0","1"
"cmkrgh72r005cu9kortnl268v","BloomStar","Bloomstar Box S","bloomstar-box-s-60-60-160","ok","99.99","99.9","99.9","99.9","1","1","1"
"cmkri9dd60063u9koypwwv1ry","BloomStar","Bloomstar Box M","bloomstar-box-m-80-80-180cm","ok","117.99","99.9","99.9","99.9","1","1","1"
"cmkrihc5f006yu9ko3eztvjq4","BloomStar","Bloomstar Box RM","bloomstar-box-rm-110-60-180","ok","134.99","129.9","129.9","129.9","1","1","1"
"cmkriunfv007vu9koiynimqzs","Ferna","Growtent Pro","growtent-pro-80-80-180","ok","124.99","169.9","169.9","169.9","1","1","1"
"cmkrj57w5008du9kocgtemzch","Ferna","Growtent Pro","growtent-pro-100-100-200","ok","152.99","169.9","169.9","169.9","1","1","1"
"cmkrjbyup008pu9koau4chvat","Ferna","Growtent Pro","growtent-pro-120-120-200","ok","159.99","169.9","169.9","169.9","1","1","1"
"cmkrjluw4009au9komafms7o1","Sanlight","Homebox Ambient Q60+","homebox-ambient-q-60","ok","112.99","129.9","129.9","129.9","1","1","1"
"cmkrjvg1n009wu9kof9t41cmh","Sanlight","Homebox Ambient Q80+","homebox-ambient-q-80-plus","ok","170.99","189.9","189.9","189.9","1","1","1"
"cmkrk5xam00aqu9ko2qdpxd23","Sanlight","Homebox Ambient Q100","homebox-ambient-q-100","ok","198.99","249.9","249.9","249.9","1","1","1"
"cmksd2m58000gu9ok66d88mrr","Sanlight","Homebox Ambient Q100+","homebox-ambient-q-100-plus","ok","220.99","249.9","249.9","249.9","1","1","1"
"cmksd8rz10019u9ok25mqbmlr","Sanlight","Homebox Ambient Q120","homebox-ambient-q-120","ok","220.99","289.9","289.9","289.9","1","1","1"
"cmksdgnvs0023u9okbhxhx75t","Sanlight","Homebox Ambient R120S","homebox-ambient-r-120-s","ok","155.99","199.9","199.9","199.9","1","1","1"
"cmksdrpfa003tu9oksmilhqgu","Sanlight","Homebox Ambient Q120+","homebox-ambient-q-120-plus","ok","238.99","289.9","289.9","289.9","1","1","1"
"cmksdwiel004ku9ok332zm3lf","Sanlight","Homebox Ambient Q150+","homebox-ambient-q-150-plus","ok","288.99","309.9","309.9","309.9","1","1","1"
"cmkse0fgo0059u9okkx1e8ryf","Sanlight","Homebox Ambient R150","homebox-ambient-r-150","ok","235.99","269.9","269.9","269.9","1","1","1"
"cmksjt1y1006mu9okwnvhg7qr","DiamondBox","DiamondBox SL58","diamondbox-sl-58","ok","90.99","99.9","99.9","99.9","1","1","1"
"cmksk4xr20074u9ok8fa5r7ft","DiamondBox","DiamondBox SL60","diamondbox-sl-60","ok","81.99","79.9","79.9","79.9","1","1","1"
"cmksk8tdc007ou9oklpvle9eq","DiamondBox","DiamondBox SL70","diamondbox-sl-70","ok","98.99","99.9","99.9","99.9","1","1","1"
"cmkskgyc20086u9okld0hogaf","DiamondBox","DiamondBox SL80","diamondbox-sl-80","ok","105.99","109.9","109.9","109.9","1","1","1"
"cmkskmn4g008vu9okd1db8o0b","DiamondBox","DiamondBox SL90","diamondbox-sl-90","ok","112.99","119.9","119.9","119.9","1","1","1"
"cmkskpfb7009iu9okev3103o2","DiamondBox","DiamondBox SL100","diamondbox-sl-100","ok","123.99","109.9","109.9","109.9","1","1","1"
"cmksks5xn00a3u9okbbvcpfd9","DiamondBox","DiamondBox SL100E","diamondbox-sl-100-e","ok","99.99","109.9","109.9","109.9","1","1","1"
"cmkskuml500alu9okq1txe998","DiamondBox","DiamondBox SL110","diamondbox-sl-110","ok","123.99","139.9","139.9","139.9","1","1","1"
"cmkskzi1900b4u9okkyji6363","Garden Highpro","GHP Ecopro","ghp-ecopro","ok","87.99","8.9","8.9","8.9","1","1","1"
"cmku5aww20000u9w84m6vzgzp","BloomStar - Crescience","BloomStar FluxShield Babo 450E - 150W","bloomstar-fluxshield-babo-450e-150w","ok","183.99","199.9","199.9","199.9","1","1","1"
"cmku5nbvj0013u9w802cdio4c","BloomStar - Crescience","BloomStar FluxShield Babo 450C - 160W","bloomstar-fluxshield-babo-450c-160w","ok","227.99","249.9","249.9","249.9","1","1","1"
"cmku5un9g001wu9w8onx3tzg9","BloomStar - Crescience","BloomStar FLUXshield 300L - 100W","bloomstar-fluxshield-300l-100w","ok","140.99","159.9","159.9","159.9","1","1","1"
"cmku62f3o002qu9w88qybai1q","BloomStar - Crescience","BloomStar FLUXshield Habibi 150 - 50W Vollspektrum","bloomstar-fluxshield-habibi-150-50w-vollspektrum","ok","100.99","99.9","99.9","99.9","1","1","1"
"cmku69yoq003gu9w82et9kahs","BloomStar - Crescience","BloomStar FLUXshield 300 - 100W","bloomstar-fluxshield-300-100-w","ok","140.99","159.9","159.9","159.9","1","1","1"
"cmku6t6iz0047u9w8dzll31mq","DimLux","Dimlux Xplore 200W","dimlux-xplore-200w","ok","215.99","229","229","229","1","1","1"
"cmku7061h004xu9w82mam5ltn","AC Infinity","AC Infinity IONFRAME EVO8","ac-infinity-ionframe-evo-8","ok","955.99","989","989","989","1","1","1"
"cmku7ato2006fu9w8z5p8gq42","AC Infinity","AC Infinity IONFRAME EVO6","ac-infinity-ionframe-evo-6","ok","672.99","689","689","689","1","1","1"
"cmku7egwj007gu9w84yd08ppo","ROOT!T","LED-Leiste 26 Watt, koppelbar","led-leiste-26-watt-koppelbar","ok","44.99","44.9","44.9","44.9","1","1","1"
"cmku7kzuh0080u9w8s0oxr28r","ROOT!T","LED-Leiste 42 Watt, koppelbar","led-leiste-42-watt-koppelbar","ok","54.99","59.9","59.9","59.9","1","1","1"
"cmku7ryz2008nu9w8ymyuf1hu","SANLight","SANLight EVO 3-60 200W SET 1.5","sanlight-evo-3-60-200-w-set-1-5","ok","410.99","389.9","389.9","389.9","1","1","1"
"cmku7z5wi009cu9w853evn39h","SANLight","SANLight EVO 3-100 400W 2er SET 1.5","sanlight-evo-3-100-400-w-set-2er-1-5-copy","ok","823.99","909.9","909.9","909.9","1","1","1"
"cmku853rw00a2u9w8tdr9pz99","SANLight","SANLight EVO 4-80 265W SET 1.5","sanlight-evo-4-80-265-w-set-1-5","ok","479.99","469.9","469.9","469.9","1","1","1"
"cmku854ks00aau9w81hffex95","SANLight","SANLight EVO 4-120 530W 2er SET 1.5","sanlight-evo-4-120-530-w-set-2er-1-5","ok","975.99","1029.9","1029.9","1029.9","1","1","1"
"cmkv2rwu50001u9fgka1liy81","RAM","RAM Multi Clipventilator 15cm, 15W","ram-multi-clipventilator-15cm-15w","ok","33.99","19.9","19.9","19.9","1","1","1"
"cmkv3hdeo000mu9fg3w22wazi","AC Infinity","AC Infinity CLOUDRAY A6 manuell schwenkbar","ac-infinity-cloudray-a6","ok","78.99","59.99","59.99","59.99","1","1","1"
"cmkv3ks3q001cu9fgicgsr3jx","AC Infinity","AC Infinity CLOUDRAY S6 automatische Oszillation","ac-infinity-cloudray-s6","ok","87.99","69.99","69.99","69.99","1","1","1"
"cmkv3ogmc002fu9fg1gaqn2g2","AC Infinity","AC Infinity CLOUDRAY S9 automatische Oszillation","ac-infinity-cloudray-s9","ok","105.99","95","95","95","1","1","1"
"cmkv4ppvd0001u90kwao87kcc","RAM","RAM Luftentfeuchter 12 L/Tag","ram-luftentfeuchter-12l-tag","ok","172.99","219","219","219","1","1","1"
"cmkv4srd5000su90k455rx6g3","RAM","RAM Luftentfeuchter 20 L/Tag","ram-luftentfeuchter-20l-tag","ok","203.99","229","229","229","1","1","1"
"cmkv50rw90020u90kwdilmq85","AC Infinity","CLOUDFORGE T3 Luftbefeuchter 4.5L","ac-infinity-cloudforge-t3-luftbefeuchter-4-5l","ok","91.99","79.99","79.99","79.99","1","1","1"
"cmkv5474g002uu90k1jf1j8h8","AC Infinity","CLOUDFORGE T7 Luftbefeuchter 15L","ac-infinity-cloudforge-t7-luftbefeuchter-15l","ok","199.99","199","199","199","1","1","1"
"cmkvc5yo2003vu90k80twek5z","AC Infinity","Advance Grow Zelt-System 60x120x180","advance-grow-zelt-system-60-120-180cm","ok","952.99","829","829","829","1","1","1"
"cmkvceya30052u90kjhn5diwb","AC Infinity","Advance Grow Zelt-System 60x60x180","advance-grow-zelt-system-60-60-180cm","ok","823.99","639","639","639","1","1","1"
"cmkvclipb006au90kqv6dl41y","AC Infinity","Advance Grow Zelt-System 90x90x180","advance-grow-zelt-system-90-90-180","ok","999.99","879","879","879","1","1","1"
"cmkvctu2r007ku90k3xoqhh3f","AC Infinity","Luftfilter-Set AC-FKS4 100mm","luftfilter-set-ac-fks4-100mm","ok","170.99","169","169","169","1","1","1"
"cmkvcz1dd008tu90knvk9n0ef","AC Infinity","Luftfilter-Set AC-FKS6 150mm","luftfilter-set-ac-fks6-150mm","ok","234.99","239","239","239","1","1","1"
"cmkvd2ixw00a6u90kenkta9q6","AC Infinity","Luftfilter-Set PRO AC-FKT4 100mm","luftfilter-set-ac-fkt4-100mm","ok","287.99","299","299","299","1","1","1"
"cmkver6lh00blu90k55pcg2bu","Ferna","Lux Helios Pro 240 Watt, 2.8","lux-helios-pro-240-watt-2-8","ok","138.99","149","149","149","1","1","1"
"cmkvewib600c9u90k6r5j9z1b","Ferna","Lux Helios Pro 300 Watt, 2.8","lux-helios-pro-300-watt-2-8","ok","141.99","149.9","149.9","149.9","1","1","1"
"cmkvhqm9y00d3u90k9teoun1o","AC Infinity","Aktivkohlefilter 200 mm","ac-infinity-aktivkohlefilter-200mm","ok","106.99","119","119","119","1","1","1"
"cmkvhz5bn00e8u90kpx5fg8ep","AC Infinity","Aktivkohlefilter 150 mm","ac-infinity-aktivkohlefilter-150mm","ok","79.99","83.99","83.99","83.99","1","1","1"
"cmkvi4n5h00fdu90klrz8a05x","AC Infinity","Aktivkohlefilter 100mm","ac-infinity-aktivkohlefilter-100mm","ok","64.99","169","169","169","1","1","1"
"cmkvibsh800gfu90kqytoycrz","BloomStar","Aktivkohlefilter 430m³/h 150mm","bloomstar-aktivkohlefilter-430-m-m-150-mm","ok","68.99","59.9","59.9","59.9","1","1","1"
"cmkvkkbla00h9u90kqhdnjg8z","AC Infinity","CLOUDLINE Pro S4 100 mm","ac-infinity-cloudline-pro-s4-100mm","ok","107.99","99","99","99","1","1","1"
"cmkvtn1mb000cu93sdv6z7hcx","Dec Ducting","Aluflexschlauch Ø102mm 1 laufender Meter","aluflexschlauch-102mm-1-laufender-meter","ok","5.49","1.9","1.9","1.9","1","1","1"
"cmkvtrsie000ou93sg5zjub36","Dec Ducting","Aluflexschlauch Ø127mm 1 laufender Meter","aluflexschlauch-127mm-1-laufender-meter","ok","5.49","2.9","2.9","2.9","1","1","1"
"cmkvtv27x0012u93stx8bnbva","Dec Ducting","Aluflexschlauch Ø160mm 1 laufender Meter","aluflexschlauch-160mm-1-laufender-meter","ok","5.49","3.9","3.9","3.9","1","1","1"
"cmkvtxzhw001vu93so131wy2t","Dec Ducting","Aluflexschlauch Ø204mm 1 laufender Meter","aluflexschlauch-204mm-1-laufender-meter","ok","5.49","4.9","4.9","4.9","1","1","1"
"cmkvucr1m002ku93smz9uker4","Hydroponic Research","Shine Bloom Additive 450g","hydroponic-research-shine-bloom-additive-450g","ok","44.99","59.24","59.24","59.24","1","1","1"
"cmkvuj7p0003au93sdlj3kamo","Hydroponic Research","VBX Clean 2,27kg","hydroponic-research-vbx-clean-2-27kg","ok","165.99","192.59","192.59","192.59","1","1","1"
"cmkvupe8b003uu93sp8wv12wy","Hydroponic Research","VBX Clean 450g","hydroponic-research-vbx-clean-450g","ok","51.99","59.24","59.24","59.24","1","1","1"
"cmkvusk8h004ju93sne6pmgo0","Bio Nova","AutoFlowering-SuperMix 1Liter","bio-nova-autoflowering-supermix-1-liter","ok","33.99","18.9","18.9","18.9","1","1","1"
"cmkvuzaxs0053u93s3z0kdaa3","Green Planet","Rezin 1 Liter","green-planet-rezin-1-liter","ok","34.99","98.9","98.9","98.9","1","1","1"
"cmkvv3nom005ou93sh5nzxy7h","GrowsArtig","Alfa Boost 250ml","alfa-boost-250ml","ok","25.99","17.9","17.9","17.9","1","1","1"
"cmkvv9dbq006hu93s3nmuiqni","GrowsArtig","Alfa Boost 500ml","alfa-boost-500ml","ok","31.99","29.9","29.9","29.9","1","1","1"
"cmkvvbe5w0077u93sk1gqugm6","GrowsArtig","Alfa Boost 1 Liter","alfa-boost-1-liter","ok","39.99","349.9","349.9","349.9","1","1","1"
"cmkvvi6al008bu93selahevtj","Bloomtech","Anzuchtset klein & eco","anzuchtset-klein-eco","ok","26.99","12.9","12.9","12.9","1","1","1"
"cmkvvmatw008qu93src6gf5ia","Bloomtech","Anzuchtset Warme Füße, klein","anzuchtset-warme-fuesse-klein","ok","70.99","79.9","79.9","79.9","1","1","1"
"cmkvvok9j0099u93sqem2sten","Bloomtech","Anzuchtset Warme Füße, groß","anzuchtset-warme-fuesse-gross","ok","99.99","109.9","109.9","109.9","1","1","1"
"cml12572l001hu9kcakh6j2wy","AC Infinity","Bewässerungsbasis 4er-Pack","acinfinity-bewaesserungsbasis-4er-pack","ok","66.99","71.99","71.99","71.99","1","1","1"
"cml12h8jj002bu9kc4hj5w8cj","AC Infinity","Bodenfeuchtesensor für AI+","acinfinity-bodenfeuchtsensor-fuer-ai-plus","ok","30.99","26.99","26.99","26.99","1","1","1"
"cml13zqrt003hu9kc3awmqhqt","BioBizz","BIO pH- down 250ml","biobizz-bio-ph-down-250ml","ok","3.99","5.9","5.9","5.9","1","1","1"
"cml185mhc000cu93sxzet7gt8","BioBizz","BIO pH- down 500ml","biobizz-bio-ph-down-500ml","ok","6.49","27.9","27.9","27.9","1","1","1"
"cml188euy0011u93smqhl83uq","BioBizz","BIO pH- down 1L","biobizz-bio-ph-down-1-l","ok","10.99","19.99","19.99","19.99","1","1","1"
"cml18cvtu001uu93s6sufyhkb","BioBizz","BioBizz BIO pH+ up 500 ml","biobizz-bio-ph-up-500ml","ok","6.49","9.9","9.9","9.9","1","1","1"
"cml18frwn002ku93svesos6nt","BioBizz","BioBizz BIO pH+ up 1 Liter","biobizz-bio-ph-up-1l","ok","10.99","14.9","14.9","14.9","1","1","1"
"cml2i0suk000lu9rg83034f5i","Biodor","Biodor - Aschenbecher","biodor-aschenbecher","no_prices_found","1.99","","","","","0","1"
"cml2lh0eh0001js041t7rjbmw","OCB","OCB Premium Papers KSS + Filter","ocb-premium-papers-kss-filter","ok","1.49","29.9","29.9","29.9","1","1","1"
"cml2lyoi10006kz04oj6ifelj","OCB","OCB Premium Papers KSS","ocb-premium-papers-kss","ok","1.19","29.9","29.9","29.9","1","1","1"
"cml2ot3kq000ble042o62n3eg","OCB","OCB Premium Rolls Slim","ocb-premium-rolls-slim","ok","1.39","29.9","29.9","29.9","1","1","1"
"cml2p4gcd0008jr04k79qpfuh","OCB","OCB Virgin Slim Papers + Filter","ocb-premium-slim-papers-filter","ok","1.49","29.9","29.9","29.9","1","1","1"
"cml2peuob000mjr04pt5125ng","OCB","OCB Virgin Slim Papers","ocb-virgin-premium-slim-papers","ok","1.19","29.9","29.9","29.9","1","1","1"
"cml2ps9nb0005kw04w8htbedh","OCB","OCB Premium Papers + Aktivkohlefilter","ocb-premium-papers-filter","ok","2.49","29.9","29.9","29.9","1","1","1"
"cml2qqqxe0001ji045hlmkoa6","RAW","RAW Classic King Size Slim Papers + Filter","raw-classic-king-size-slim-papers-filter","ok","1.49","2.3","21.13","39.95","2","1","1"
"cml2r0dxk0004l4048rn5uau6","RAW","RAW Black King Size Slim Papers","raw-black-king-size-slim-papers","ok","1.19","1.8","25.88","49.95","2","1","1"
"cml2raq420001l804qdy7j430","RAW","RAW Classic King Size Slim Papers","raw-classic-king-size-slim-papers","ok","1.49","29.9","29.9","29.9","1","1","1"
"cml2rhctv0001jl04sgkt3mdv","RAW","RAW Classic Rolls Slim","raw-classic-rolls-slim","no_prices_found","1.69","","","","","0","1"
"cml2ruiyd0001l10488japdlc","RAW","RAW Black Rolls King Size","raw-black-rolls-king-size","ok","1.69","1.8","25.88","49.95","2","1","1"
"cml2s2m5b0004l504omz1zu1i","RAW","RAW Black Organic Hemp King Size Papers","raw-black-organic-hemp-king-size-papers","ok","1.29","1.8","25.88","49.95","2","1","1"
"cml2sa7en0001l2044nkk0ie5","RAW","RAW Black King Size Slim Papers + Filter","raw-black-king-size-slim-papers-filter","ok","1.49","1.8","25.88","49.95","2","1","1"
"cml2tzgdd0001l10454yc3y6k","Herb Shuttles","Herb Shuttles Glas Spiral-Tip 10mm","herb-shuttles-glas-spiral-tip-10mm","no_prices_found","6.49","","","","","0","1"
"cml2uieyr0001i504wsh3bj85","PURIZE","PURIZE Spiral-Tip 9mm","purize-spiral-tip-9mm","no_prices_found","9.49","","","","","0","1"
"cml2urk8p0001l504d6eg01t8","Herb Shuttles","RAW Glass Tip 6x35mm Round Mouthpiece","raw-glass-tip-6x35mm-round-mouthpiece","no_prices_found","4.99","","","","","0","1"
"cml2uzwcs0004jl04cpimqxn3","PURIZE","PURIZE Aktivkohlefilter XTRA Slim Size 6mm 50 Stück","purize-aktivkohlefilter-xtra-slim-size-6mm-50-stueck","ok","8.9","29.99","29.99","29.99","5","1","1"
"cml2vgebg0001l2043sode4yf","Kailar","Kailar Aktivkohlefilter Cellulose Slim 6mm 65 Stück","kailar-aktivkohlefilter-cellulose-slim-6mm-65-stueck","ok","9.95","9.99","9.99","9.99","5","1","1"
"cml2vu06o0001ji04xtg1699r","Kailar","Kailar Aktivkohlefilter Cellulose Slim 6mm 250 Stück","kailar-aktivkohlefilter-cellulose-slim-6mm-250-stueck","ok","20.99","29.99","29.99","29.99","5","1","1"
"cml2w85w20006l804yqc4w6n6","PURIZE","PURIZE Aktivkohlefilter Regular Size 9mm 50 Stück","purize-aktivkohlefilter-regular-size-9mm-50-stueck","no_prices_found","8.9","","","","","0","1"
"cml2wibgr0008jp04um9dsdot","PURIZE","PURIZE Aktivkohlefilter XTRA Slim Size 6mm 250 Stück","purize-aktivkohlefilter-xtra-slim-size-6mm-250-stueck","ok","25.99","29.99","29.99","29.99","5","1","1"
"cml32bqtz0004ky04rodx3ao1","PURIZE","PURIZE Aktivkohlefilter Regular Size 7mm 50 Stück","purize-aktivkohlefilter-regular-size-7mm-50-stueck","no_prices_found","8.99","","","","","0","1"
"cml32nf5a0014l104ixvzx82s","PURIZE","PURIZE Aktivkohlefilter XTRA Slim Size 6mm 100 Stück","purize-aktivkohlefilter-xtra-slim-size-6mm-100-stueck","no_prices_found","11.99","","","","","0","1"
"cml335hma0001jr04j55azfw3","Kailar","Kailar Aktivkohlefilter Cellulose 9mm schwarz 100 Stück","kailar-aktivkohlefilter-cellulose-schwarz-9mm-100-stueck","ok","10.99","14.99","14.99","14.99","1","1","1"
"cml33h41z0001ju04ploybaj1","PURIZE","PURIZE Metal Rolling Tray","purize-metal-rolling-tray","no_prices_found","4.99","","","","","0","1"
"cml33pv9p000bld04qtu0q8s4","PURIZE","PURIZE Plant Fiber - Tray KIT","purize-plant-fiber-tray-kit","no_prices_found","9.49","","","","","0","1"
"cml33xmz70008jp045g7mxt77","OCB","OCB Rolling Tray Premium","ocb-rolling-tray-premium","ok","8.49","29.9","29.9","29.9","1","1","1"
"cml344pj2000dky0460nvuftm","RAW","RAW Murdered Rolling Tray Small","raw-murdered-rolling-tray-small","ok","9.49","34.95","34.95","34.95","1","1","1"
"cml34dpcv0007l8042pnozf9d","RAW","RAW Wooden Rolling Tray Spout","raw-wooden-rolling-tray-small-spout","ok","17.99","34.95","34.95","34.95","1","1","1"
"cml34k04i0001l70464p0mb4h","RAW","RAW Metal Rolling Tray Black Small","raw-metal-rolling-tray-black-small","ok","9.49","34.95","34.95","34.95","1","1","1"
"cml34qw600006ld042gijwx7g","RAW","RAW Metal Rolling Tray Classic Small","raw-metal-rolling-tray-classic-small","ok","9.49","34.95","34.95","34.95","1","1","1"
"cml350lbu000ajy04uvnpeyqq","DIPSE","Digitalwaage DIPSE CS3 Joshs 100g / 0,01g","digitalwaage-dipse-cs3-joshs-100g-0-01g","no_prices_found","10.49","","","","","0","1"
"cml35buai000old04grh3k1st","DIPSE","Digitalwaage DIPSE St. Pauli 100g / 0,01g","digitalwaage-dipse-st-pauli-100g-0-01g","no_prices_found","10.99","","","","","0","1"
"cml35n4wi000vl704y35scz0g","DIPSE","Digitalwaage DIPSE TP-Serie 2000g / 0,1g","digitalwaage-dipse-tp-serie-2000g-0-01g","no_prices_found","16.99","","","","","0","1"
"cml36099u0001ky048ye6oqji","RAW","RAW Rolling Tray Digitalwaage 1000g / 0,01g","raw-rolling-tray-digitalwaage-1000g-0-01g","no_prices_found","19.99","","","","","0","1"
"cml36vzlz0003i304jrtg9ifg","Atomic","Atomic Feuerzeug Festival - Leaf","atomic-feuerzeug-festival-leaf","no_prices_found","1.19","","","","","0","1"
"cml3743b00001jv04pfv2t3r0","RAW","RAW Vulcan Feuerzeug","raw-vulcan-feuerzeug","no_prices_found","1.49","","","","","0","1"
"cml37ejkp0001l104w99o8d8w","RAW","RAW Phoenix Feuerzeug","raw-phoenix-feuerzeug","no_prices_found","2.95","","","","","0","1"
"cml37ob8j000kjl04e8b92x6p","Bulldog","Bulldog Amsterdam Feuerzeug","bulldog-msterdam-feuerzeug","no_prices_found","1.89","","","","","0","1"
"cml3kqwwz0003ju04bnrh1t3y","Miron Violettglas","Miron Violettglas 200 ml Weithalsdose ""Sirius"" mit Deckel","miron-violettglas-200-ml-weithalsdose-sirius-mit-deckel","no_prices_found","8.95","","","","","0","1"
"cml3pdr8x000ela04jpsh8i2u","Miron Violettglas","Miron Violettglas 100 ml Weithalsglas ""Saturn"" mit Deckel","miron-violettglas-100-ml-weithalsdose-saturn-mit-deckel","no_prices_found","7.19","","","","","0","1"
"cml3pjzfg0002l104n7nqsu60","Miron Violettglas","Miron Violettglas 1000 ml Weithalsdose ""Saturn"" mit Deckel","miron-violettglas-1000-ml-weithalsdose-saturn-mit-deckel","no_prices_found","11.99","","","","","0","1"
"cml3ppkmj000il204zyhwfnqy","Miron Violettglas","Miron Violettglas 5 ml Kosmetikglas ""Ceres"" mit Deckel","miron-violettglas-5-ml-kosmetikglas-cares-mit-deckel","no_prices_found","3.49","","","","","0","1"
"cml3py1p4000hjr0496u6mj6x","RAW","RAW Wooden Spirit Box - Box mit Rolling Tray aus Holz","raw-wooden-spirit-box-box-mit-rolling-tray-aus-holz","ok","53.99","739.9","739.9","739.9","1","1","1"
"cml3q73yq0001l70410ro60fz","OCB","OCB Rolling Box inkl. Tray","ocb-rolling-box-tray","ok","12.99","29.9","29.9","29.9","1","1","1"
"cml3qi5fp0001l104xfkdu386","Herb Shuttles","Herb Shuttles® MJ420 Pfeife","herb-shuttles-mj420-pfeife","no_prices_found","13.99","","","","","0","1"
"cml3qujpr0002la048d9pashg","Calumet","Calumet Mini Rocket Purpfeife Standard Olive L: 93 mm","calumet-mini-rocket-purpfeife-standrad-olive-93mm","no_prices_found","17.99","","","","","0","1"
"cml3r2rdp0001jr04ykmvay34","Calumet","Calumet Wapi Amaranth - elegante Tabakpfeife aus Holz","calumet-wapi-amaranth-purpfeife-elegante-tabakpfeife-holz","no_prices_found","26.99","","","","","0","1"
"cml3r8c4y000plb04p5rxtt6u","PURIZE","PURIZE Mini Pfeife","purize-mini-pfeife","no_prices_found","17.99","","","","","0","1"
"cml3rflf00001ky04rhg6nnt7","PURIZE","PURIZE Bruyére Pfeife Schwarz","purize-bruy-re-pfeife-schwarz","no_prices_found","41.99","","","","","0","1"
"cml3rp3230003l804dqblxdkw","Norddampf","Norddampf Relict","norddampf-relict","no_prices_found","87.99","","","","","0","1"
"cml3sf8620001ic04ol86rl0b","Norddampf","Norddampf Dab Pen","norddampf-dab-peb","no_prices_found","17.99","","","","","0","1"
"cml3snn5f000ri504bkx1hdb0","Norddampf","Norddampf Hammah","norddampf-hammah","no_prices_found","67.99","","","","","0","1"
"cml3t17mn0001kz04agi7464p","VoVa","VOVA Plus - Mit OLED Display","vova-plus-oled-display","no_prices_found","19.99","","","","","0","1"
"cml3tf5i30001l4046boqmm4n","Hizen","Hizen - Stilus Pro Konvektion","hizen-stilus-pro-konvektion","no_prices_found","98.99","","","","","0","1"
"cml3tm5h90001if04q31k9ghw","Storz & Bickel","Storz & Bickel Veazy","storz-bickel-veazy","ok","215.99","249","249","249","1","1","1"
"cml3ur3v70001l804ysvh6nlw","Storz & Bickel","Storz & Bickel Crafty+","storz-bickel-crafty-plus","ok","215.99","17.9","17.9","17.9","1","1","1"
"cml3v6x220001l204z2j730l8","Storz & Bickel","Storz & Bickel Mighty+","storz-bickel-mighty-plus","ok","317.99","349","349","349","1","1","1"
"cml3vv0cu0001ib04vmyh0gew","Storz & Bickel","Storz & Bickel Volcano Classic - Grün","storz-bickel-volcano-classic-gruen","ok","289.99","249","249","249","1","1","1"
"cml3w93v3000mjr04osd2topx","Storz & Bickel","Storz & Bickel Volcano Classic - Onyx","storz-bickel-volcano-classic-onyx","ok","289.99","249","249","249","1","1","1"
"cml3wd8gi000yjr04j1t7x314","Storz & Bickel","Storz & Bickel Volcano Classic - Silber","storz-bickel-volcano-classic-silber","ok","289.99","249","249","249","1","1","1"
"cml3wral20001js04ebgb89s3","PURIZE","PURIZE Bio Hanf Zerkleinerer 2-teilig ø 55 mm","purize-bio-hanf-zerkleinerer-2-teilig-55-mm","no_prices_found","4.99","","","","","0","1"
"cml3wx9d7001nib048rjb4rwb","RAW","RAW Zerkleinerer Aluminium 4-teilig Ø 56 mm","raw-zerkleinerer-aluminium-4-teilig-56-mm","no_prices_found","13.99","","","","","0","1"
"cml3x3eew0025ib047pw6c73f","RAW","Hammercraft x RAW Black Aluminium 4-teilig Ø 55 mm","hammercraft-raw-black-aluminium-4-teilig-55-mm","no_prices_found","13.99","","","","","0","1"
"cml3xb5z2002mib04sr0vvg2k","RAW","RAW Boarding Pass","raw-boarding-pass","no_prices_found","2.39","","","","","0","1"
"cml3xn9on0002lb04hjg24xxw","","Zerkleinerer 4-teilig Aluminium dunkelgrau ø 60 mm","zerkleinerer-4-aluminium-dunkelgrau-60-mm","no_prices_found","7.99","","","","","0","1"
"cml3xuath0001l70466b796hn","Atomic","Atomic Edelstahl Zerkleinerer 4-teilig  Ø 47 mm","atomic-edelstahl-zerkleinerer-4-teilig-47-mm","no_prices_found","34.99","","","","","0","1"
"cml3y3dlp0001l204xjbanhjf","Buddies","Buddies Plastik Zerkleinerer bunt ø 58 mm","buddies-plastik-zerkleinerer-58-mm","no_prices_found","3.99","","","","","0","1"
"cml3z7uh40001l4042oz4ukjr","PURIZE","PURIZE Hash Bowl","purize-hash-bowl","no_prices_found","4.99","","","","","0","1"
"cml3zezis000kl404ev385e8q","RAW","RAW Metal Joint Tube - Emerald Green","raw-metal-joint-tube-emerald-green","ok","4.69","499.9","499.9","499.9","1","1","1"
"cml3zkmpb000pl204u9mkbbnk","Atomic","Atomic Plastic Cone Tube","atomic-plastic-cone-tube","no_prices_found","1.69","","","","","0","1"
"cml3zuog60013l2048u4rmqez","Atomic","Atomic Wasserpfeife | H: 36cm, Ø: 50mm, Schl.: 18,8mm","atomic-wasserpfeife-h-36cm-50mm-schl-18-8mm","no_prices_found","16.99","","","","","0","1"
"cml400h8i0001if041l0i847n","Atomic","Atomic Glasbong | H: 46cm, Ø: 50mm, Schl.: 18,8mm","atomic-glasbong-h-46cm-50mm-schl-18-8mm","no_prices_found","17.99","","","","","0","1"
"cml405j1g0001kw0463jnmats","","Glas Wasserpfeife | 23cm ⌀40mm","glas-wasserpfeife-23-cm-40","no_prices_found","15.99","","","","","0","1"
"cml48klqv0001l1044651ayvf","","Glas Kolbenbong | 30cm ⌀45mm","glas-kolbenbong-30-cm-45","no_prices_found","10.99","","","","","0","1"
"cml48qfk30001jr04l4edkj91","","Glasbong ""Bubble Neck"" | 21cm ⌀25mm","glas-bubble-neck-21-cm-25","no_prices_found","10.99","","","","","0","1"
"cml48wt6i0001js04b4gqc18n","RAW","RAW Aschenbecher Metall Schwarz","raw-aschenbecher-metal-schwarz","ok","10.99","9.99","9.99","9.99","1","1","1"
"cml496p270004jp04btbooohg","RAW","RAW Aschenbecher","raw-aschenbecher","no_prices_found","2.99","","","","","0","1"
"cml49dxi9000fjs04d8cgb8fs","RAW","RAW Hands Free Smoker Aschenbecher","raw-hands-free-smoker-aschenbecher","no_prices_found","10.99","","","","","0","1"
"cml49kd80000njs04nltwns1b","RAW","RAW Dark Side Glas Aschenbecher","raw-dark-side-glas-aschenbecher","no_prices_found","16.99","","","","","0","1"
"cml49sq460001l804ibpmkdjg","RAW","RAW Ruby Red Glas Aschenbecher","raw-ruby-red-glas-aschenbecher","no_prices_found","17.99","","","","","0","1"
"cml4a0z4x0007jx042zt5kl15","RAW","RAW Rainbow Glas Aschenbecher","raw-rainbow-glas-aschenbecher","no_prices_found","16.99","","","","","0","1"
"cml80la9e000jl504048jboog","AutoPot","AutoPot Topf 25Liter XL","autopot-topf-25liter-xl","ok","8.99","8.9","8.9","8.9","1","1","1"
"cml85ozd20001js04kx22bhts","","Growbox Komplettset 120x120","growbox-komplettset-120x120","no_prices_found","1197.99","","","","","0","1"
"cml86f0lo0002l5045mplyj5y","Homebox","Ambient Q100 Grow Set 100x100x200cm","homebox-ambient-q100-grow-set-100-100-200-cm","no_prices_found","739.99","","","","","0","1"
"cml86vurg0006js047pk5i2x0","Homebox","Q100+ Grow Set 100x100x220cm","homebox-ambient-q100-grow-set-100-100-220-cm","no_prices_found","739.99","","","","","0","1"
"cml8718bf0002l404ocynx12l","Homebox","Ambient Q120 Grow Set 120x120x200cm","homebox-ambient-q120-grow-set-120-120-200-cm","no_prices_found","751.99","","","","","0","1"
"cml876lkw0003l804tn9uqget","Homebox","Ambient Q120+ Grow Set 120x120x220cm","homebox-ambient-q120-grow-set-120-120-220-cm","no_prices_found","798.99","","","","","0","1"
"cml87emxa000jl804ev41to27","Homebox","Ambient Q60+ Grow Set 60x60x160","homebox-ambient-q60-grow-set-60-60-160-cm","no_prices_found","398.99","","","","","0","1"
"cml87m1650016l404ooc3eqjw","Homebox","Ambient Q80+ Grow Set 80x80x180","homebox-ambient-q80-grow-set-80-80-180-cm","no_prices_found","468.99","","","","","0","1"
"cml87ts9g000wl804hpfqyjfc","Secret Jardin","Hydro Shoot 100 Grow Set 100x100x200cm","secret-jardin-hydro-shoot-100-grow-set-100-100-200-cm","no_prices_found","586.99","","","","","0","1"
"cml881pfu0009k10433q88b95","Secret Jardin","Hydro Shoot 120 Grow Set 120x120x200cm","secret-jardin-hydro-shoot-100-grow-set-120-120-200-cm","no_prices_found","621.99","","","","","0","1"
"cml885sis000ik104gqmoscp6","Secret Jardin","Hydro Shoot 60 Grow Set 60x60x158cm","secret-jardin-hydro-shoot-60-grow-set-60-60-158-cm","no_prices_found","327.99","","","","","0","1"
"cml88a84y000pjr04ex4p4c82","Secret Jardin","Hydro Shoot 80 Grow Set 80x80x178cm","secret-jardin-hydro-shoot-80-grow-set-80-80-188-cm","no_prices_found","351.99","","","","","0","1"
"cml88durq001ejr04oc84z33t","Secret Jardin","Growbox For Twenty 100 Komplettset 60x40x116cm","secret-jardin-growbox-for-twenty-100-komplettset-60-40-116-cm","no_prices_found","493.99","","","","","0","1"
"cml9p5tt50001jj04ft29ndu8","Hydroponic Research","Shine Bloom Additive 2,27kg","hydroponic-research-shine-bloom-additive-2-27kg","ok","174.99","192.59","192.59","192.59","1","1","1"
"cml9pk0880006kz04uiap4w0s","BioBizz","Bio-Grow 250 ml","biobizz-bio-grow-250-ml","ok","2.99","3.9","3.9","3.9","1","1","1"
"cml9pnj8u000ple046fj7m8z7","BioBizz","Bio-Grow 500ml","biobizz-bio-grow-500-ml","ok","4.99","27.9","27.9","27.9","1","1","1"
"cml9pptym000xkz041rn9xrfv","BioBizz","Bio-Grow 1L","biobizz-bio-grow-1-l","ok","7.99","19.99","19.99","19.99","1","1","1"
"cml9ptfjr000rjq04rqlvcc5t","BioBizz","Bio-Grow 5L","biobizz-bio-grow-5-l","no_prices_found","28.99","","","","","0","1"
"cml9q2lk2000fjr04d6bzsnix","BioBizz","Dünger Starter Pack Indoor","biobizz-try-pack-indoor","ok","10.99","12.9","12.9","12.9","1","1","1"
"cmlat6esl000nkz04vpnwe3qe","BioBizz","Dünger Starter Pack Outdoor","biobizz-try-pack-outdoor","ok","10.99","12.9","12.9","12.9","1","1","1"
"cmlates5r001vkz04746uqydk","BioBizz","Dünger Starter Pack Stimulant","biobizz-try-pack-stimulant","ok","17.99","24.9","24.9","24.9","1","1","1"
"cmlazbdxh0001u91smib0tfid","BioBizz","Leaf Coat 1 Liter","leaf-coat-1-liter-biobizz","ok","12.99","89.7","89.7","89.7","1","1","1"
"cmlazbe280005u91s8jzff29d","BioBizz","Leaf Coat 5 Liter","leaf-coat-5-liter-biobizz","ok","60.99","89.7","89.7","89.7","1","1","1"
"cmlazbe4s0009u91si4rotp18","BioBizz","Leaf Coat 500 ml Sprüher","leaf-coat-500-ml-spr-her-biobizz","ok","8.49","11.46","11.46","11.46","1","1","1"
"cmlazbebo000du91si6p4a9qg","BioBizz","FishMix 250 ml","fishmix-250-ml-biobizz","ok","2.99","3.9","3.9","3.9","1","1","1"
"cmlazbee4000hu91se4gecwl0","BioBizz","FishMix 500 ml","fishmix-500-ml-biobizz","ok","4.99","6.9","6.9","6.9","1","1","1"
"cmlazbegc000lu91sz9gntxqd","BioBizz","FishMix 1 Liter","fishmix-1-liter-biobizz","ok","8.49","10.9","10.9","10.9","1","1","1"
"cmlazbeil000pu91sj4hmdhqu","BioBizz","FishMix 5 Liter","fishmix-5-liter-biobizz","ok","28.99","10.9","10.9","10.9","1","1","1"
"cmlazbekk000tu91sgomgo593","BioBizz","Bio-Bloom 250 ml","bio-bloom-250-ml-biobizz","ok","2.99","3.9","3.9","3.9","1","1","1"
"cmlazbemk000xu91sdmaamva9","BioBizz","Bio-Bloom 500 ml","bio-bloom-500-ml-biobizz","ok","4.99","6.9","6.9","6.9","1","1","1"
"cmlazbeop0011u91s3hk56rpv","BioBizz","Bio-Bloom 1 Liter","bio-bloom-1-liter-biobizz","ok","10.99","11.9","11.9","11.9","1","1","1"
"cmlazbeqo0015u91s1gbnwmn1","BioBizz","Bio-Bloom 5 Liter","bio-bloom-5-liter-biobizz","ok","34.99","11.9","11.9","11.9","1","1","1"
"cmlazbets0019u91sjgoknt9u","BioBizz","Root Juice 250ml","root-juice-250ml-biobizz","ok","10.99","13.9","13.9","13.9","1","1","1"
"cmlazbevw001du91sgh3y6k16","BioBizz","Root Juice 500ml","root-juice-500ml-biobizz","ok","19.99","27.9","27.9","27.9","1","1","1"
"cmlazbey5001hu91sks4zd7x9","BioBizz","Root Juice 1 Liter","root-juice-1-liter-biobizz","ok","32.99","42.9","42.9","42.9","1","1","1"
"cmlazbf04001lu91s80q1xlw6","BioBizz","Bio Heaven 250ml","bio-heaven-250ml-biobizz","ok","14.99","19.9","19.9","19.9","1","1","1"
"cmlazbf28001pu91sge2zr7lo","BioBizz","Bio Heaven 500ml","bio-heaven-500ml-biobizz","ok","26.99","34.9","34.9","34.9","1","1","1"
"cmlazbf4c001tu91se4isqbsa","BioBizz","Bio Heaven 1 Liter","bio-heaven-1-liter-biobizz","ok","32.99","199.9","199.9","199.9","1","1","1"
"cmlazbf6k001xu91s5y0ryqs5","BioBizz","Bio Heaven 5 Liter","bio-heaven-5-liter-biobizz","ok","234.99","199.9","199.9","199.9","1","1","1"
"cmlazbf8s0021u91sg3q81n3g","BioBizz","TopMax 250ml","topmax-250ml-biobizz","ok","6.99","8.9","8.9","8.9","1","1","1"
"cmlazbfb40025u91s8bwy01jf","BioBizz","TopMax 500ml","topmax-500ml-biobizz","ok","11.99","14.9","14.9","14.9","1","1","1"
"cmlazbfd40029u91sqjp5088g","BioBizz","TopMax 1 Liter","topmax-1-liter-biobizz","ok","20.99","27.9","27.9","27.9","1","1","1"
"cmlazbff8002du91su1nqsiok","BioBizz","TopMax 5 Liter","topmax-5-liter-biobizz","ok","91.99","27.9","27.9","27.9","1","1","1"
"cmlazbfho002hu91s1xt59a8s","BioBizz","Calmag 250 ml","calmag-250-ml-biobizz","ok","3.99","5.5","5.5","5.5","1","1","1"
"cmlazbfjs002lu91s9ciafby0","BioBizz","Calmag 500 ml","calmag-500-ml-biobizz","ok","7.99","8.9","8.9","8.9","1","1","1"
"cmlazbfls002pu91sqwm62tl4","BioBizz","Calmag 1 Liter","calmag-1-liter-biobizz","ok","10.99","59.9","59.9","59.9","1","1","1"
"cmlazbfo0002tu91sgzwtte1t","BioBizz","Calmag 5 Liter","calmag-5-liter-biobizz","ok","45.99","59.9","59.9","59.9","1","1","1"
"cmlazbfqc002xu91s6z7p96sh","BioBizz","Alg-A-Mic 250ml","alg-a-mic-250ml-biobizz","ok","5.49","5.9","5.9","5.9","1","1","1"
"cmlazbfsk0031u91sqectik5c","BioBizz","Alg-A-Mic 500ml","alg-a-mic-500ml-biobizz","ok","8.49","9.9","9.9","9.9","1","1","1"
"cmlazbfus0035u91sbe4ah66t","BioBizz","Alg-A-Mic 1 Liter","alg-a-mic-1-liter-biobizz","ok","11.99","16.9","16.9","16.9","1","1","1"
"cmlazbfx60039u91sga8lxjdl","BioBizz","Alg-A-Mic 5 Liter","alg-a-mic-5-liter-biobizz","ok","52.99","16.9","16.9","16.9","1","1","1"
"cmlazbfz4003du91s6edvhme3","BioBizz","Acti Vera 250 ml","acti-vera-250-ml-biobizz","ok","6.99","7.9","7.9","7.9","1","1","1"
"cmlazbg18003hu91sjte4oku3","BioBizz","Acti Vera 1 Liter","acti-vera-1-liter-biobizz","ok","16.99","22.9","22.9","22.9","1","1","1"
"cmlazbg44003lu91se19ara2c","BioBizz","Microbes 150g","microbes-150g-biobizz","ok","57.99","69.9","69.9","69.9","1","1","1"
"cmlgwlw860001u99kzed647px","Growmax Water","Ersatzfilter-Set für Mega Grow","ersatzfilter-set-f-r-mega-grow-growmax-water","ok","32.99","39.9","39.9","39.9","1","1","1"
"cmlgwlwed0008u99k1c2ake3n","Growmax Water","Ersatzfilter-Set für Power und Mega Grow","ersatzfilter-set-f-r-power-und-mega-grow-growmax-water","ok","24.99","27.9","27.9","27.9","1","1","1"
"cmlgwlwhr000fu99kzjgnc75c","Growmax Water","Ersatzmembrane für Mega und Power Grow 150 GDP","ersatzmembrane-f-r-mega-und-power-grow-150-gdp-growmax-water","ok","86.99","109.9","109.9","109.9","1","1","1"
"cmlgwlwlf000mu99kbetvrry7","GIB","Abdecksieb 11,5x22,5x2,4cm","abdecksieb-11-5x22-5x2-4cm-gib","no_prices_found","4.49","","","","","0","1"
"cmlgwlwor000tu99kavxt56vd","AutoPot","Wasserfilterhalter 9mm","wasserfilterhalter-9mm-autopot","ok","3.49","3.9","3.9","3.9","1","1","1"
"cmlgwlws20010u99k3ffww05r","GIB","Wasserfilter 2x Ø16mm","wasserfilter-2x-16mm-gib","no_prices_found","10.99","","","","","0","1"
"cmlgwlwvq0017u99knufv580b","Growmax Water","Eco Grow 240 Sediment und Aktivkohlefilteranlage","eco-grow-240-sediment-und-aktivkohlefilteranlage-growmax-water","ok","93.99","99.9","99.9","99.9","1","1","1"
"cmlgwlwz3001eu99k9m44sbqu","Growmax Water","Power Grow 500 Umkehr-Osmoseanlage 1:2","power-grow-500-umkehr-osmoseanlage-1-2-growmax-water","ok","195.99","259.9","259.9","259.9","1","1","1"
"cmlgwlx2f001lu99kdakzr6ol","Growmax Water","Mega Grow 1000 Umkehr-Osmoseanlage 1:2","mega-grow-1000-umkehr-osmoseanlage-1-2-growmax-water","ok","322.99","399.9","399.9","399.9","1","1","1"
"cmlgx6vme0001u9ckuen3sp38","AutoPot","1Pot XL Untersetzer mit Deckel","1pot-xl-untersetzer-mit-deckel-autopot","ok","14.99","18.9","18.9","18.9","1","1","1"
"cmlgx6vrs0008u9ckapf7bzsi","AutoPot","20 L FlexiPot mit Ventil und Untersetzter","20-l-flexipot-mit-ventil-und-untersetzter-autopot","ok","38.99","36.95","36.95","36.95","1","1","1"
"cmlgx6vv5000fu9ckj2b51f7q","AutoPot","easy2Go Kit","easy2go-kit-autopot","ok","18.99","24.9","24.9","24.9","1","1","1"
"cmlgx6vyc000mu9ckucfilaei","AutoPot","PotDivider für 15L Topf","potdivider-f-r-15l-topf-autopot","ok","10.99","12.9","12.9","12.9","1","1","1"
"cmlgx6w28000uu9ckxdaas00f","AutoPot","Schlauch 16mm laufender Meter","schlauch-16mm-laufender-meter-autopot","ok","3.99","5.9","5.9","5.9","1","1","1"
"cmlgx6w680011u9ckoanz1zrb","AutoPot","Tray2Grow","tray2grow-autopot","ok","60.99","89.9","89.9","89.9","1","1","1"
"cmlgx6w9w001cu9ck66inh5ze","AutoPot","Wurzelkontrollmatte 1Pot XL","wurzelkontrollmatte-1pot-xl-autopot","ok","1.99","1.99","1.99","1.99","1","1","1"
"cmlgx6we8001ju9ck0z1f8n2d","AutoPot","Topf 8,5Liter","topf-8-5liter-autopot","ok","4.99","8.9","8.9","8.9","1","1","1"
"cmlgx6whk001qu9cks8rz1ytz","AutoPot","Topf 15Liter","topf-15liter-autopot","ok","5.49","5.9","5.9","5.9","1","1","1"
"cmlgx6wkw001xu9ckrkw2uit2","AutoPot","Propagation Deckel V2 für 8.5L und15L Töpfe","propagation-deckel-v2-f-r-8-5l-und15l-t-pfe-autopot","ok","7.49","10.9","10.9","10.9","1","1","1"
"cmlgx6wo80024u9ckz7k0pcn3","AutoPot","PotDivider für 8,5L Topf","potdivider-f-r-8-5l-topf-autopot","ok","7.99","12.9","12.9","12.9","1","1","1"
"cmlgx6wrg002cu9ck66b4qtxt","AutoPot","AirBase eckig","airbase-eckig-autopot","ok","6.99","9.9","9.9","9.9","1","1","1"
"cmlgx6wus002ju9ck70el9jl0","AutoPot","1Pot Untersetzer mit Dichtung","1pot-untersetzer-mit-dichtung-autopot","ok","10.99","12.9","12.9","12.9","1","1","1"
"cmlgx6wyg002qu9ckb4lmdh95","AutoPot","Easy2Grow 2Pot Untersetzer","easy2grow-2pot-untersetzer-autopot","ok","10.99","14.9","14.9","14.9","1","1","1"
"cmlgx6x1t002xu9ckr5ybu8y2","AutoPot","Matrix Disc, schwarz","matrix-disc-schwarz-autopot","ok","0.99","0.8","0.8","0.8","1","1","1"
"cmlgx6x580034u9cktl9bo7bl","AutoPot","Wurzelsperre, Kupfer","wurzelsperre-kupfer-autopot","ok","1.49","1.5","1.5","1.5","1","1","1"
"cmlgx6x8k003bu9ckipepfl0f","AutoPot","AquaValve5 9mm","aquavalve5-9mm-autopot","ok","10.99","14.9","14.9","14.9","1","1","1"
"cmlgx6xbx003iu9ck1780q4vo","AutoPot","AQUAvalve5 Top-Float Silikonstopfen","aquavalve5-top-float-silikonstopfen-autopot","ok","0.49","0.5","0.5","0.5","1","1","1"
"cmlgx6xfc003pu9ckf0f1yrj4","AutoPot","AQUAvalve5 Bottom-Float Silikonstopfen","aquavalve5-bottom-float-silikonstopfen-autopot","ok","0.49","0.6","0.6","0.6","1","1","1"
"cmlgx6xio003wu9ckid53l5gd","AutoPot","Schlauch 9mm laufender Meter","schlauch-9mm-laufender-meter-autopot","ok","1.99","1.9","1.9","1.9","1","1","1"
"cmlgx6xm10043u9cko9mfmenp","AutoPot","Tankadapter mit Klickanschluss und Filter, 16mm","tankadapter-mit-klickanschluss-und-filter-16mm-autopot","ok","12.99","16.9","16.9","16.9","1","1","1"
"cmlgx6xp8004au9ckkzv04lmv","AutoPot","Tankadapter mit Klickanschluss und Filter, 9mm","tankadapter-mit-klickanschluss-und-filter-9mm-autopot","ok","7.49","9.9","9.9","9.9","1","1","1"
"cmlgx6xt4004hu9cktbk5ogoc","AutoPot","Absperrhahn 9mm","absperrhahn-9mm-autopot","ok","1.99","2.4","2.4","2.4","1","1","1"
"cmlgx6xxk004ou9ck5zheqhjr","Palaplast","Absperrhahn PE 2x Ø16mm","absperrhahn-pe-2x-16mm-palaplast","ok","4.49","4.9","4.9","4.9","1","1","1"
"cmlgx6y0x004vu9ckurup1a1q","Palaplast","T-Stück Ø16mm PE","t-st-ck-16mm-pe-palaplast","ok","0.49","1.4","1.4","1.4","1","1","1"
"cmlgx6y480052u9ckvm9smkha","AutoPot","T-Stück 2x Ø16mm 1x Ø9mm PE","t-st-ck-2x-16mm-1x-9mm-pe-autopot","ok","1.49","1.4","1.4","1.4","1","1","1"
"cmlgx6y7l0059u9ckw5vqg78e","GIB","T-Stück Ø9mm PE","t-st-ck-9mm-pe-gib","ok","0.99","1.4","1.4","1.4","1","1","1"
"cmlgx6yaw005gu9ckd4jcvesz","GIB","Kreuzstück 2x 16mm + 2x 9mm","kreuzst-ck-2x-16mm-2x-9mm-gib","ok","1.49","1.9","1.9","1.9","1","1","1"
"cmlgx6ye4005nu9ck94eqa8vm","GIB","Kreuzstück 4x 9mm","kreuzst-ck-4x-9mm-gib","ok","0.99","0.9","0.9","0.9","1","1","1"
"cmlgx6yh8005uu9ckx7wcq8zu","Palaplast","Kreuzstück 4x16mm","kreuzst-ck-4x16mm-palaplast","ok","2.99","3.9","3.9","3.9","1","1","1"
"cmlgx6ykz0061u9ckxd5d24fq","Palaplast","Bogen PE 90° 16mm","bogen-pe-90-16mm-palaplast","ok","0.49","0.5","0.5","0.5","1","1","1"
"cmlgx6yo80068u9ckjms1u1bs","GIB","Endstopfen Ø16mm PE","endstopfen-16mm-pe-gib","ok","0.49","0.3","0.3","0.3","1","1","1"
"cmlgx6yrk006fu9ck22xjhb0k","AutoPot","Endstopfen Ø9mm PE","endstopfen-9mm-pe-autopot","ok","0.49","0.4","0.4","0.4","1","1","1"
"cmlgx6yuw006mu9ckaicmrkqr","AutoPot","AirDome","airdome-autopot","no_prices_found","5.49","","","","","0","1"
"cmlgx6yy8006tu9ckcf81p322","AutoPot","9 mm Dichtung","9-mm-dichtung-autopot","ok","1.49","1.5","1.5","1.5","1","1","1"
"cmlgx6z1k0070u9ckypr1rzcl","AutoPot","Tank mit Deckel und Dichtung 47 Liter","tank-mit-deckel-und-dichtung-47-liter-autopot","ok","17.99","24.9","24.9","24.9","1","1","1"
"cmlgx6z5n0077u9ckee8ojl2l","AutoPot","FlexiTank 100 Liter","flexitank-100-liter-autopot","ok","61.99","79.9","79.9","79.9","1","1","1"
"cmlgx6z90007eu9ck1325toom","AutoPot","FlexiTank 225 Liter","flexitank-225-liter-autopot","ok","81.99","99.9","99.9","99.9","1","1","1"
"cmlgx6zc4007lu9ckdklbpej7","AutoPot","FlexiTank 400 Liter","flexitank-400-liter-autopot","ok","133.99","169.9","169.9","169.9","1","1","1"
"cmlgx6zfg007su9ckwa8g6xwz","AutoPot","SYSTEM 1Pot 1x 15L 47L Tank Starter-Set","system-1pot-1x-15l-47l-tank-starter-set-autopot","ok","45.99","64.9","64.9","64.9","1","1","1"
"cmlgx6zis007zu9ck8cp8x3ka","AutoPot","SYSTEM 1Pot 4x 15L 47L Tank","system-1pot-4x-15l-47l-tank-autopot","ok","122.99","149.9","149.9","149.9","1","1","1"
"cmlgx6zm40086u9ck0hjgdpdt","AutoPot","SYSTEM 1Pot 4x 8,5L 47L Tank","system-1pot-4x-8-5l-47l-tank-autopot","ok","116.99","139.9","139.9","139.9","1","1","1"
"cmlgx6zpg008du9ckl4wmtl89","AutoPot","SYSTEM 1Pot 6x 15L 47L Tank","system-1pot-6x-15l-47l-tank-autopot","ok","173.99","205.9","205.9","205.9","1","1","1"
"cmlgx6zst008ku9cklqbpzpvk","AutoPot","SYSTEM 1Pot 6x 15L OHNE Tank","system-1pot-6x-15l-ohne-tank-autopot","ok","156.99","185.9","185.9","185.9","1","1","1"
"cmlgx6zw6008ru9ck4e2unvj0","AutoPot","SYSTEM 1Pot 6x 8,5L 47L Tank","system-1pot-6x-8-5l-47l-tank-autopot","ok","173.99","205.9","205.9","205.9","1","1","1"
"cmlgx6zzh008yu9ckswbb2xjd","AutoPot","SYSTEM 1Pot 8x 15L 100L Tank","system-1pot-8x-15l-100l-tank-autopot","ok","276.99","299.9","299.9","299.9","1","1","1"
"cmlgx702g0095u9cklgghnyo9","AutoPot","SYSTEM 1Pot 8x 8,5L 47L Tank","system-1pot-8x-8-5l-47l-tank-autopot","ok","210.99","269.9","269.9","269.9","1","1","1"
"cmlgx705w009cu9ckmfhswi4l","AutoPot","SYSTEM 1Pot 12x 15L","system-1pot-12x-15l-autopot","ok","311.99","349.9","349.9","349.9","1","1","1"
"cmlgx709c009ju9ck8g33b0yl","AutoPot","SYSTEM 1Pot 12x 15L 100L Tank","system-1pot-12x-15l-100l-tank-autopot","ok","383.99","420","420","420","1","1","1"
"cmlgx70d0009qu9ckdmrpkwrl","AutoPot","SYSTEM 1Pot 24x 15L","system-1pot-24x-15l-autopot","ok","627.99","779.9","779.9","779.9","1","1","1"
"cmlgx70gc009xu9ckeaglyg45","AutoPot","SYSTEM 1Pot 24x 15L 225L Tank","system-1pot-24x-15l-225l-tank-autopot","ok","705.99","789","789","789","1","1","1"
"cmlgx70jo00a4u9ck9uv27f3a","AutoPot","SYSTEM 1Pot 48x 15L 400L Tank","system-1pot-48x-15l-400l-tank-autopot","ok","1375.99","1499.9","1499.9","1499.9","1","1","1"
"cmlgx70ns00abu9ckldn1zglk","AutoPot","SYSTEM 1Pot 60x 15L 225L Tank","system-1pot-60x-15l-225l-tank-autopot","ok","1641.99","1925","1925","1925","1","1","1"
"cmlgx70r000aiu9ck7fkapeyw","AutoPot","SYSTEM 2Pot 2x 15L 47L Tank Starter-Set","system-2pot-2x-15l-47l-tank-starter-set-autopot","ok","54.99","72.9","72.9","72.9","1","1","1"
"cmlgx70u700apu9ckdudgu1f9","AutoPot","SYSTEM 2Pot 4x 8,5L 47L Tank","system-2pot-4x-8-5l-47l-tank-autopot","ok","82.99","109.9","109.9","109.9","1","1","1"
"cmlgx70yj00awu9ckhibp7ccq","AutoPot","SYSTEM 2Pot 6x 8,5L 47L Tank","system-2pot-6x-8-5l-47l-tank-autopot","ok","114.99","139.9","139.9","139.9","1","1","1"
"cmlgx711w00b3u9ckzzl61t2t","AutoPot","SYSTEM 2Pot 8x 15L 47L Tank","system-2pot-8x-15l-47l-tank-autopot","ok","153.99","159.9","159.9","159.9","1","1","1"
"cmlgx715800bau9ckkx89s3eu","AutoPot","SYSTEM 2Pot 8x 8,5L 47L Tank","system-2pot-8x-8-5l-47l-tank-autopot","ok","145.99","159.9","159.9","159.9","1","1","1"
"cmlgx718k00bhu9ck015wbt3e","AutoPot","SYSTEM 2Pot 12x 8,5L 100L Tank","system-2pot-12x-8-5l-100l-tank-autopot","ok","241.99","269.9","269.9","269.9","1","1","1"
"cmlgx71c800bou9ckhy4skchz","AutoPot","SYSTEM 2Pot 16x 8,5L 100L Tank","system-2pot-16x-8-5l-100l-tank-autopot","ok","318.99","359.9","359.9","359.9","1","1","1"
"cmlgx71fk00bvu9ckfc0l4rtt","AutoPot","SYSTEM 2Pot 16x 15L 100L Tank","system-2pot-16x-15l-100l-tank-autopot","ok","339.99","359.9","359.9","359.9","1","1","1"
"cmlgx71iw00c2u9ckw0xbipqh","AutoPot","SYSTEM 2Pot 16x 15L 225L Tank","system-2pot-16x-15l-225l-tank-autopot","ok","358.99","359.9","359.9","359.9","1","1","1"
"cmlgx71m800c9u9ckabucf82r","AutoPot","SYSTEM 2Pot 48x 15L 400L Tank","system-2pot-48x-15l-400l-tank-autopot","ok","960.99","949.9","949.9","949.9","1","1","1"
"cmlgx71pk00cgu9ckk8f48h5s","AutoPot","SYSTEM 2Pot 60x 15L 225L Tank","system-2pot-60x-15l-225l-tank-autopot","ok","1106.99","1099.9","1099.9","1099.9","1","1","1"
"cmlgx71sw00cnu9ck4r8i4340","AutoPot","SYSTEM 2Pot 60x 15L 400L Tank","system-2pot-60x-15l-400l-tank-autopot","ok","1139.99","1349","1349","1349","1","1","1"
"cmlgxhg5d0001jv04ydpxzlnn","AC Infinity","CONTROLLER 69 PRO","ac-infinity-controller-69-pro","ok","95.99","119","119","119","1","1","1"
"cmlgxls89001jjv04zv0hvh3n","AC Infinity","CONTROLLER AI+","ac-infinity-controller-ai-plus","ok","160.99","26.99","26.99","26.99","1","1","1"
"cmlgxtk8e0001u96cjsdc5ths","Fox Lighting Europe BV","Fortis BYD NXT 720w","fortis-nxt-720w-byd-fox-lighting-europe-bv","ok","166.99","289","289","289","1","1","1"
"cmlgxtkc50007u96clz4076a1","Lumii","XLED 720W","xled-720w-lumii","ok","122.99","159.9","159.9","159.9","1","1","1"
"cmlgxtkg1000eu96cqkrvba0t","Fox Lighting Europe BV","Spektrum Master 720W 110cm","spektrum-master-720w-110cm-fox-lighting-europe-bv","no_prices_found","310.99","","","","","0","1"
"cmlgxtkit000mu96clfza3yfl","Fox Lighting Europe BV","Hortimol LED Zusatzleiste 50W UV und 40W FR","hortimol-led-zusatzleiste-50w-uv-und-40w-fr-fox-lighting-europe-bv","ok","222.99","209.9","209.9","209.9","1","1","1"
"cmlgxtkli000xu96ca6km2q9k","Fox Lighting Europe BV","Spektra Master 720W 120cm","spektra-master-720w-120cm-fox-lighting-europe-bv","no_prices_found","310.99","","","","","0","1"
"cmlgxtknu0015u96cdvv9y08i","Fox Lighting Europe BV","Fox LED Lighting Controller","fox-led-lighting-controller-fox-lighting-europe-bv","ok","104.99","129.9","129.9","129.9","1","1","1"
"cmlgxtkqh001du96cs57r29ca","HortiOne","420 V3 LED 150 Watt 2.9","420-v3-led-150-watt-2-9-hortione","ok","202.99","259.9","259.9","259.9","1","1","1"
"cmlgxtksp001ku96c5i8pn6u5","HortiOne","600 V3 LED 220 Watt 2.9","600-v3-led-220-watt-2-9-hortione","ok","264.99","319.9","319.9","319.9","1","1","1"
